Source: IEA (2025). All rights reserved. (https://www.iea.org/terms),,,,,,,,,,,,,,,,,,,,,,,,,,,,,,,,,,,,,,,,,,,,,,,,,,,,,,,,,,,
Country,Product,Flow,2000,2001,2002,2003,2004,2005,2006,2007,2008,2009,2010,2011,2012,2013,2014,2015,2016,2017,2018,2019,2020,2021,2022,2023,2024
Australia,"Coal, peat and oil shale",Total energy supply (PJ),2016,2019,2035,2016,2089,2137,2165,2173,2156,2205,2113,2014,1969,1831,1737,1797,1863,1997,1930,1957,1783,1684,1567,1466,1392
Australia,"Crude, NGL and feedstocks",Total energy supply (PJ),1531,1412,1508,1581,1420,1422,1348,1381,1343,1277,1336,1439,1368,1319,1255,1082,939,890,922,936,911,730,570,511,488
Australia,Oil products,Total energy supply (PJ),-102,-131,-147,-100,68,123,185,162,310,375,406,368,477,565,602,695,855,906,922,904,946,1047,1233,1452,1486
Australia,Natural gas,Total energy supply (PJ),807,850,789,857,860,794,965,1097,1185,1212,1177,1216,1160,1318,1386,1390,1276,1143,1158,1352,1482,1459,1504,1519,1494
Australia,Nuclear,Total energy supply (PJ),0,0,0,0,0,0,0,0,0,0,0,0,0,0,0,0,0,0,0,0,0,0,0,0,0
Australia,Renewables and waste,Total energy supply (PJ),274,277,289,284,280,275,283,292,300,237,284,294,293,325,336,339,351,379,383,400,418,464,511,552,549
Australia,Electricity,"Electricity, CHP and heat plants (PJ)",756,807,819,794,822,822,838,875,875,893,909,914,903,898,891,906,923,928,939,949,953,954,975,985,..
Australia,Heat,Total energy supply (PJ),..,..,..,..,..,..,..,..,..,..,..,..,..,..,..,..,..,..,..,..,..,..,..,..,..
Australia,Total,Total energy supply (PJ),4526,4427,4473,4637,4717,4751,4945,5105,5295,5307,5316,5330,5267,5358,5315,5303,5284,5315,5316,5549,5540,5384,5384,5500,5409
Austria,"Coal, peat and oil shale",Total energy supply (PJ),151,156,159,170,167,168,169,162,160,120,142,146,136,139,128,136,126,130,115,121,103,107,104,101,98
Austria,"Crude, NGL and feedstocks",Total energy supply (PJ),377,404,405,389,377,387,384,380,391,366,339,363,365,370,370,376,363,354,384,402,353,356,255,341,351
Austria,Oil products,Total energy supply (PJ),113,121,132,184,193,190,188,167,140,137,178,120,108,117,101,99,119,131,105,97,103,120,196,100,77
Austria,Natural gas,Total energy supply (PJ),276,292,291,314,322,339,317,299,316,309,340,321,307,296,271,289,303,326,308,321,306,324,288,247,244
Austria,Nuclear,Total energy supply (PJ),0,0,0,0,0,0,0,0,0,0,0,0,0,0,0,0,0,0,0,0,0,0,0,0,0
Austria,Renewables and waste,Total energy supply (PJ),286,291,286,269,290,314,339,363,378,400,416,400,450,446,439,438,451,451,432,447,451,463,445,477,500
Austria,Electricity,"Electricity, CHP and heat plants (PJ)",215,220,218,209,223,232,224,227,232,239,244,224,247,232,222,223,235,243,234,255,249,242,233,254,..
Austria,Heat,Total energy supply (PJ),0,0,0,0,0,0,0,0,0,0,0,0,0,0,0,0,0,0,0,0,0,1,0,0,0
Austria,Total,Total energy supply (PJ),1198,1266,1276,1345,1360,1407,1421,1393,1403,1334,1423,1380,1376,1393,1342,1373,1389,1414,1376,1400,1324,1398,1320,1265,1246
Belgium,"Coal, peat and oil shale",Total energy supply (PJ),336,311,269,252,246,217,207,185,191,131,159,147,135,149,145,144,133,129,129,127,99,109,114,99,109
Belgium,"Crude, NGL and feedstocks",Total energy supply (PJ),1432,1400,1415,1514,1469,1361,1357,1387,1400,1260,1307,1208,1269,1175,1369,1343,1310,1394,1351,1411,1110,1186,1145,1244,1267
Belgium,Oil products,Total energy supply (PJ),-483,-438,-503,-532,-488,-378,-423,-489,-430,-328,-339,-315,-418,-282,-449,-422,-412,-506,-463,-562,-336,-356,-366,-471,-468
Belgium,Natural gas,Total energy supply (PJ),560,552,560,603,610,617,631,627,621,631,701,603,602,606,529,584,596,609,628,637,633,636,541,509,497
Belgium,Nuclear,Total energy supply (PJ),525,506,517,517,516,519,509,526,497,515,523,526,440,465,368,285,475,461,312,475,376,549,479,359,341
Belgium,Renewables and waste,Total energy supply (PJ),45,52,50,60,64,70,82,93,108,126,153,155,170,178,171,182,192,197,201,206,228,235,240,244,234
Belgium,Electricity,"Electricity, CHP and heat plants (PJ)",298,283,291,301,299,303,299,312,298,323,335,321,293,294,255,245,302,306,265,332,317,357,339,296,..
Belgium,Heat,Total energy supply (PJ),0,0,0,0,5,6,5,6,8,5,8,6,8,10,10,9,11,11,10,10,10,10,9,7,7
Belgium,Total,Total energy supply (PJ),2431,2414,2335,2437,2450,2435,2405,2359,2433,2333,2514,2340,2243,2336,2206,2200,2327,2316,2230,2297,2119,2340,2136,1998,2025
Canada,"Coal, peat and oil shale",Total energy supply (PJ),1327,1307,1257,1243,1198,1259,1266,1271,1152,919,967,872,816,806,855,774,733,754,598,518,409,469,335,355,375
Canada,"Crude, NGL and feedstocks",Total energy supply (PJ),4048,4159,4134,4336,4541,4305,4541,4658,4415,4355,4357,4223,4594,4549,4681,4843,4499,4830,4770,4982,4553,4640,4777,4787,4838
Canada,Oil products,Total energy supply (PJ),-401,-502,-569,-456,-569,-431,-456,-567,-410,-433,-405,-314,-619,-690,-676,-585,-493,-742,-603,-622,-635,-665,-663,-748,-723
Canada,Natural gas,Total energy supply (PJ),3109,3009,3071,3338,3267,3384,3328,3347,3294,3277,3292,3518,3513,3620,3643,3543,4336,4659,4889,4923,4704,4694,4978,5004,4977
Canada,Nuclear,Total energy supply (PJ),794,837,824,817,986,1004,1069,1020,1047,983,989,1021,1035,1128,1170,1111,1106,1105,1099,1104,1071,1010,952,971,939
Canada,Renewables and waste,Total energy supply (PJ),1818,1686,1785,1747,1811,1863,1811,1889,1891,1858,1799,1906,1931,2038,2033,2026,2060,2126,2090,2063,2039,2069,2161,2043,2010
Canada,Electricity,"Electricity, CHP and heat plants (PJ)",2183,2126,2167,2124,2162,2236,2197,2262,2280,2192,2172,2281,2277,2369,2372,2370,2395,2387,2372,2349,2347,2330,2370,2278,..
Canada,Heat,Total energy supply (PJ),0,0,0,0,0,0,0,0,0,0,0,0,0,0,0,0,0,0,0,0,0,0,0,0,0
Canada,Total,Total energy supply (PJ),10567,10413,10429,11000,11194,11299,11492,11507,11273,10837,10907,11094,11101,11264,11542,11496,12011,12509,12668,12798,11934,12048,12353,12312,12371
Chile,"Coal, peat and oil shale",Total energy supply (PJ),129,100,101,100,113,113,139,136,184,148,187,227,258,271,257,275,297,307,298,345,282,265,221,130,116
Chile,"Crude, NGL and feedstocks",Total energy supply (PJ),426,434,426,463,478,456,498,478,468,454,388,418,398,418,400,375,373,385,397,431,337,363,330,394,412
Chile,Oil products,Total energy supply (PJ),13,-25,9,-26,-19,28,16,200,214,189,240,244,255,246,245,265,302,284,288,262,299,322,401,346,311
Chile,Natural gas,Total energy supply (PJ),218,247,247,270,294,285,262,160,88,117,187,191,179,170,152,167,182,182,183,220,202,221,234,246,230
Chile,Nuclear,Total energy supply (PJ),0,0,0,0,0,0,0,0,0,0,0,0,0,0,0,0,0,0,0,0,0,0,0,0,0
Chile,Renewables and waste,Total energy supply (PJ),264,273,280,268,279,298,313,302,311,323,286,326,466,507,400,405,429,447,471,474,458,485,519,580,610
Chile,Electricity,"Electricity, CHP and heat plants (PJ)",144,153,157,169,184,189,199,211,215,219,218,237,251,262,254,271,286,286,296,304,302,317,327,325,..
Chile,Heat,Total energy supply (PJ),0,0,0,0,0,0,0,0,0,0,0,0,0,1,2,0,0,0,0,0,0,0,0,0,0
Chile,Total,Total energy supply (PJ),1054,1034,1071,1082,1152,1188,1236,1282,1270,1236,1292,1407,1558,1612,1456,1487,1584,1605,1636,1732,1578,1656,1704,1695,1679
Colombia,"Coal, peat and oil shale",Total energy supply (PJ),126,135,119,130,107,129,119,116,135,156,172,184,157,243,246,258,261,205,195,263,225,218,198,219,257
Colombia,"Crude, NGL and feedstocks",Total energy supply (PJ),664,686,641,680,687,666,697,704,717,698,623,624,568,544,440,459,647,694,737,753,748,858,816,842,747
Colombia,Oil products,Total energy supply (PJ),-173,-211,-186,-218,-202,-162,-147,-166,-164,-134,-129,-103,-83,93,201,204,101,-2,-82,-10,-97,-35,12,3,24
Colombia,Natural gas,Total energy supply (PJ),228,243,242,232,244,256,257,254,272,315,345,317,332,409,430,423,401,411,429,443,438,398,394,403,399
Colombia,Nuclear,Total energy supply (PJ),0,0,0,0,0,0,0,0,0,0,0,0,0,0,0,0,0,0,0,0,0,0,0,0,0
Colombia,Renewables and waste,Total energy supply (PJ),259,252,267,284,279,280,306,312,324,307,321,346,349,437,434,426,422,447,423,424,408,447,453,449,439
Colombia,Electricity,"Electricity, CHP and heat plants (PJ)",155,156,162,168,179,181,194,199,201,206,218,224,229,266,256,283,276,285,288,289,286,303,310,321,..
Colombia,Heat,Total energy supply (PJ),0,0,0,0,0,0,0,0,0,0,0,0,0,0,0,0,0,0,0,0,0,0,0,0,0
Colombia,Total,Total energy supply (PJ),1104,1103,1081,1104,1110,1162,1225,1216,1280,1338,1328,1362,1321,1722,1748,1769,1834,1755,1702,1880,1726,1887,1871,1912,1861
Costa Rica,"Coal, peat and oil shale",Total energy supply (PJ),0,1,0,1,0,0,0,1,0,0,0,0,0,0,0,0,0,0,0,0,0,1,0,0,0
Costa Rica,"Crude, NGL and feedstocks",Total energy supply (PJ),4,12,21,21,22,20,29,31,26,16,21,6,0,0,0,0,0,0,0,0,0,0,0,0,0
Costa Rica,Oil products,Total energy supply (PJ),67,56,49,55,56,56,55,61,68,76,71,88,96,100,102,98,106,109,112,107,94,105,109,118,120
Costa Rica,Natural gas,Total energy supply (PJ),0,0,0,0,0,0,0,0,0,0,0,0,0,0,0,0,0,0,0,0,0,0,0,0,0
Costa Rica,Nuclear,Total energy supply (PJ),0,0,0,0,0,0,0,0,0,0,0,0,0,0,0,0,0,0,0,0,0,0,0,0,0
Costa Rica,Renewables and waste,Total energy supply (PJ),51,53,59,60,85,86,92,93,94,97,98,97,103,109,110,109,97,91,86,101,108,109,108,100,99
Costa Rica,Electricity,"Electricity, CHP and heat plants (PJ)",25,24,27,27,30,30,31,33,34,34,34,35,37,37,37,39,39,41,41,41,42,46,46,43,..
Costa Rica,Heat,Total energy supply (PJ),0,0,0,0,0,0,0,0,0,0,0,0,0,0,0,0,0,0,0,0,0,0,0,0,0
Costa Rica,Total,Total energy supply (PJ),120,121,128,137,162,162,176,186,187,189,191,192,199,209,212,207,204,200,197,209,200,211,215,219,220
Czech Republic,"Coal, peat and oil shale",Total energy supply (PJ),906,887,870,881,878,847,879,894,826,737,784,769,727,718,670,687,693,662,660,596,513,537,563,453,401
Czech Republic,"Crude, NGL and feedstocks",Total energy supply (PJ),254,265,270,283,295,340,341,324,356,318,340,309,315,288,323,311,234,340,327,338,260,304,319,320,281
Czech Republic,Oil products,Total energy supply (PJ),69,80,80,75,95,65,59,79,50,66,35,57,46,58,46,49,99,50,67,58,97,87,77,69,117
Czech Republic,Natural gas,Total energy supply (PJ),314,336,325,328,326,323,318,303,300,285,338,285,287,291,259,271,294,301,286,300,305,326,266,241,241
Czech Republic,Nuclear,Total energy supply (PJ),148,161,204,282,288,271,285,287,291,298,306,309,332,336,332,294,264,310,327,331,329,336,339,333,326
Czech Republic,Renewables and waste,Total energy supply (PJ),71,78,86,82,91,95,99,105,113,127,139,153,164,179,185,191,193,197,199,212,220,233,225,213,219
Czech Republic,Electricity,"Electricity, CHP and heat plants (PJ)",262,267,274,298,302,295,301,316,300,294,307,312,312,310,306,297,296,309,313,309,289,302,302,273,..
Czech Republic,Heat,Total energy supply (PJ),0,0,0,0,0,0,0,0,1,1,0,0,0,0,0,0,0,0,1,1,1,1,1,0,0
Czech Republic,Total,Total energy supply (PJ),1727,1771,1794,1872,1916,1895,1937,1934,1896,1783,1889,1821,1808,1810,1756,1758,1738,1814,1816,1788,1686,1784,1741,1596,1560
Denmark,"Coal, peat and oil shale",Total energy supply (PJ),167,176,175,237,183,155,229,195,168,168,159,135,103,133,106,76,83,65,67,40,34,46,45,29,19
Denmark,"Crude, NGL and feedstocks",Total energy supply (PJ),391,381,364,357,344,329,340,329,316,325,307,280,317,302,285,305,282,306,298,320,304,325,308,320,293
Denmark,Oil products,Total energy supply (PJ),-55,-40,-32,-34,-25,-19,-24,-14,-7,-34,-15,-9,-56,-51,-43,-61,-36,-53,-45,-73,-72,-90,-72,-95,-73
Denmark,Natural gas,Total energy supply (PJ),186,194,194,195,194,184,190,170,171,163,185,155,146,139,117,119,121,115,112,106,88,81,61,55,56
Denmark,Nuclear,Total energy supply (PJ),0,0,0,0,0,0,0,0,0,0,0,0,0,0,0,0,0,0,0,0,0,0,0,0,0
Denmark,Renewables and waste,Total energy supply (PJ),89,96,103,117,128,136,138,152,153,154,179,184,190,196,205,217,225,249,246,257,264,295,289,294,314
Denmark,Electricity,"Electricity, CHP and heat plants (PJ)",130,136,141,166,146,130,164,142,132,131,140,127,111,125,116,104,110,112,109,106,103,119,126,121,..
Denmark,Heat,Total energy supply (PJ),0,0,0,0,0,0,0,0,0,0,0,0,0,0,0,0,0,0,0,0,1,2,2,2,3
Denmark,Total,Total energy supply (PJ),780,805,796,842,814,791,849,829,806,777,812,751,719,723,681,678,693,699,696,671,644,676,638,618,626
Estonia,"Coal, peat and oil shale",Total energy supply (PJ),125,125,117,132,142,143,140,181,146,112,175,174,148,175,168,137,180,184,173,129,105,114,123,100,90
Estonia,"Crude, NGL and feedstocks",Total energy supply (PJ),-5,-5,-6,-6,-8,-9,-10,-14,-11,-15,-15,-17,-18,-21,-24,-30,-25,-36,-42,-44,-44,-46,-37,-47,-48
Estonia,Oil products,Total energy supply (PJ),32,39,39,39,40,41,42,46,41,39,39,39,40,41,41,42,43,43,45,44,42,41,42,41,41
Estonia,Natural gas,Total energy supply (PJ),28,30,25,28,32,33,34,34,32,22,24,21,23,23,18,16,18,17,17,16,15,17,12,11,11
Estonia,Nuclear,Total energy supply (PJ),0,0,0,0,0,0,0,0,0,0,0,0,0,0,0,0,0,0,0,0,0,0,0,0,0
Estonia,Renewables and waste,Total energy supply (PJ),21,23,23,24,25,25,22,25,27,30,36,35,36,40,39,41,44,47,50,51,57,57,57,60,51
Estonia,Electricity,"Electricity, CHP and heat plants (PJ)",31,31,31,37,37,37,35,44,38,32,47,46,43,48,45,37,44,47,45,27,22,26,32,21,..
Estonia,Heat,Total energy supply (PJ),0,0,0,0,0,0,0,0,0,0,0,0,0,0,0,0,0,0,0,0,0,0,0,0,0
Estonia,Total,Total energy supply (PJ),198,209,195,211,225,228,226,263,232,188,246,240,221,245,233,204,252,245,237,203,187,191,201,177,156
Finland,"Coal, peat and oil shale",Total energy supply (PJ),214,261,278,347,316,206,307,302,225,222,288,250,191,215,188,173,180,173,176,146,120,126,126,98,78
Finland,"Crude, NGL and feedstocks",Total energy supply (PJ),496,469,528,522,533,473,526,527,501,501,476,503,503,501,514,443,519,540,544,540,495,358,425,461,392
Finland,Oil products,Total energy supply (PJ),-116,-98,-117,-98,-91,-52,-91,-113,-95,-116,-80,-116,-142,-179,-147,-118,-163,-203,-209,-221,-182,-68,-125,-165,-121
Finland,Natural gas,Total energy supply (PJ),144,156,155,171,166,151,163,156,162,146,161,141,126,120,105,94,86,81,91,89,88,89,46,53,58
Finland,Nuclear,Total energy supply (PJ),245,248,243,248,248,254,250,256,250,257,249,253,251,258,257,254,253,245,249,260,254,257,276,374,356
Finland,Renewables and waste,Total energy supply (PJ),327,317,330,333,368,343,368,367,386,341,395,387,424,422,440,449,456,483,493,499,491,557,521,535,539
Finland,Electricity,"Electricity, CHP and heat plants (PJ)",251,268,269,303,308,253,295,292,278,259,289,264,252,256,244,246,247,242,252,246,249,259,259,293,..
Finland,Heat,Total energy supply (PJ),3,3,3,3,4,4,4,3,6,4,4,4,5,6,6,7,8,8,7,7,7,8,7,8,9
Finland,Total,Total energy supply (PJ),1356,1391,1464,1544,1560,1440,1567,1543,1480,1398,1530,1472,1420,1398,1428,1359,1408,1400,1424,1393,1329,1391,1322,1372,1321
France,"Coal, peat and oil shale",Total energy supply (PJ),623,523,562,596,575,593,547,565,534,465,501,472,524,555,412,390,381,415,382,307,222,356,312,251,235
France,"Crude, NGL and feedstocks",Total energy supply (PJ),3571,3669,3418,3669,3705,3665,3567,3534,3618,3134,2804,2838,2483,2436,2405,2536,2476,2493,2331,2120,1458,1495,1781,1974,1927
France,Oil products,Total energy supply (PJ),-129,54,219,28,32,29,88,61,-119,245,420,493,745,714,722,620,575,578,621,853,1136,1257,905,721,645
France,Natural gas,Total energy supply (PJ),1497,1572,1569,1646,1681,1718,1659,1611,1670,1610,1784,1549,1600,1625,1365,1467,1603,1612,1542,1572,1461,1549,1391,1226,1147
France,Nuclear,Total energy supply (PJ),4529,4594,4765,4812,4890,4926,4911,4797,4794,4470,4675,4826,4641,4622,4762,4772,4398,4346,4505,4353,3860,4138,3215,3689,4150
France,Renewables and waste,Total energy supply (PJ),692,729,666,686,701,698,681,738,827,837,926,834,968,1070,1004,1030,1102,1082,1162,1174,1162,1221,1190,1296,1358
France,Electricity,"Electricity, CHP and heat plants (PJ)",1921,1957,1988,2016,2042,2052,2045,2025,2043,1906,2027,2046,2045,2079,2042,2070,2015,2006,2077,2040,1902,1985,1685,1877,..
France,Heat,Total energy supply (PJ),0,0,0,0,0,0,0,0,0,0,0,0,0,0,0,0,0,0,1,1,1,1,2,2,2
France,Total,Total energy supply (PJ),10534,10895,10922,11198,11361,11411,11226,11102,11152,10670,11000,10809,10801,10848,10428,10585,10387,10382,10317,10172,9138,9856,8850,8977,9141
Germany,"Coal, peat and oil shale",Total energy supply (PJ),3551,3621,3522,3548,3581,3429,3605,3605,3358,3017,3305,3270,3356,3418,3333,3325,3234,2990,2915,2361,1868,2255,2334,1776,1555
Germany,"Crude, NGL and feedstocks",Total energy supply (PJ),4606,4586,4603,4695,4843,4993,4856,4766,4665,4342,4092,3999,4069,3999,3935,4026,4057,4015,3789,3767,3626,3609,3869,3404,3690
Germany,Oil products,Total energy supply (PJ),620,764,529,319,124,-104,26,-389,-38,-12,291,237,152,320,293,213,190,296,315,405,325,208,-76,91,-324
Germany,Natural gas,Total energy supply (PJ),3008,3165,3164,3177,3190,3257,3320,3203,3231,3045,3178,2914,2923,3061,2653,2728,2945,3154,3079,3166,3123,3231,2795,2682,2687
Germany,Nuclear,Total energy supply (PJ),1850,1869,1798,1801,1823,1779,1825,1533,1620,1472,1533,1178,1085,1061,1060,1001,923,833,829,819,702,754,379,79,..
Germany,Renewables and waste,Total energy supply (PJ),447,498,538,628,723,854,1039,1200,1270,1285,1451,1496,1666,1716,1714,1812,1816,1924,1950,2022,2085,2086,2157,2146,2175
Germany,Electricity,"Electricity, CHP and heat plants (PJ)",2060,2095,2095,2177,2204,2219,2280,2284,2287,2127,2256,2186,2240,2279,2239,2313,2321,2332,2283,2164,2048,2115,2063,1823,..
Germany,Heat,Total energy supply (PJ),0,0,0,0,0,0,0,0,0,0,0,0,0,0,0,0,0,0,0,0,0,0,0,0,0
Germany,Total,Total energy supply (PJ),14093,14515,14190,14156,14274,14191,14609,13859,14033,13105,13797,13080,13178,13459,12865,12931,12982,13023,12702,12423,11661,12077,11359,10211,9877
Greece,"Coal, peat and oil shale",Total energy supply (PJ),378,390,376,373,381,375,353,370,348,353,329,330,341,292,280,235,183,202,191,134,77,72,65,50,33
Greece,"Crude, NGL and feedstocks",Total energy supply (PJ),853,835,834,854,826,837,889,895,845,823,865,758,931,981,1071,1096,1163,1224,1256,1150,1104,1173,1154,1147,1150
Greece,Oil products,Total energy supply (PJ),-230,-189,-170,-165,-134,-128,-182,-229,-159,-162,-285,-237,-423,-549,-621,-627,-688,-767,-822,-703,-718,-776,-705,-719,-723
Greece,Natural gas,Total energy supply (PJ),71,70,75,85,93,99,115,141,147,124,135,166,153,135,104,112,146,176,172,188,206,228,184,166,218
Greece,Nuclear,Total energy supply (PJ),0,0,0,0,0,0,0,0,0,0,0,0,0,0,0,0,0,0,0,0,0,0,0,0,0
Greece,Renewables and waste,Total energy supply (PJ),64,59,63,69,70,72,78,74,74,81,93,93,106,113,106,122,116,110,119,120,123,142,144,155,161
Greece,Electricity,"Electricity, CHP and heat plants (PJ)",192,191,194,208,212,214,217,226,226,220,207,213,219,206,181,187,196,199,192,175,173,197,189,179,..
Greece,Heat,Total energy supply (PJ),0,0,0,0,0,0,0,0,0,0,0,0,0,0,0,0,0,0,0,0,0,0,0,0,0
Greece,Total,Total energy supply (PJ),1136,1175,1188,1223,1246,1269,1268,1266,1275,1235,1158,1122,1114,979,971,973,952,967,939,924,824,851,856,817,837
Hungary,"Coal, peat and oil shale",Total energy supply (PJ),161,152,152,157,141,127,129,131,128,107,114,113,108,94,92,99,92,94,89,77,70,58,52,37,31
Hungary,"Crude, NGL and feedstocks",Total energy supply (PJ),310,310,281,294,292,322,325,328,319,292,291,301,284,273,302,300,299,295,314,303,297,294,281,299,292
Hungary,Oil products,Total energy supply (PJ),-32,-42,-20,-39,-31,-28,-17,-23,-26,-11,-17,-41,-38,-36,-34,-14,-16,12,12,27,11,39,46,16,17
Hungary,Natural gas,Total energy supply (PJ),404,448,453,498,490,506,480,448,442,383,411,392,351,323,292,314,336,358,346,354,367,389,331,296,297
Hungary,Nuclear,Total energy supply (PJ),155,155,153,121,131,152,147,161,162,169,172,172,173,168,171,173,176,176,172,178,176,175,173,174,175
Hungary,Renewables and waste,Total energy supply (PJ),36,38,38,39,41,73,74,82,86,110,120,125,127,135,126,134,135,134,128,130,135,148,148,147,156
Hungary,Electricity,"Electricity, CHP and heat plants (PJ)",127,131,130,123,121,129,129,144,144,129,135,130,125,109,106,109,115,118,115,123,126,130,129,128,..
Hungary,Heat,Total energy supply (PJ),0,0,0,0,0,0,0,0,0,0,0,0,0,0,0,0,0,0,0,0,0,0,0,0,0
Hungary,Total,Total energy supply (PJ),1047,1072,1072,1094,1092,1174,1164,1141,1125,1070,1110,1086,1034,1000,998,1055,1068,1115,1113,1116,1099,1149,1075,1010,1007
Iceland,"Coal, peat and oil shale",Total energy supply (PJ),4,4,4,4,4,4,4,4,4,4,4,4,4,4,4,4,4,4,5,4,4,5,5,4,3
Iceland,"Crude, NGL and feedstocks",Total energy supply (PJ),0,0,0,0,0,0,0,0,0,0,0,0,0,0,0,0,0,0,0,0,0,0,0,0,0
Iceland,Oil products,Total energy supply (PJ),29,29,30,30,31,31,34,33,38,38,22,21,21,22,23,23,24,23,24,24,22,22,24,24,24
Iceland,Natural gas,Total energy supply (PJ),0,0,0,0,0,0,0,0,0,0,0,0,0,0,0,0,0,0,0,0,0,0,0,0,0
Iceland,Nuclear,Total energy supply (PJ),0,0,0,0,0,0,0,0,0,0,0,0,0,0,0,0,0,0,0,0,0,0,0,0,0
Iceland,Renewables and waste,Total energy supply (PJ),101,97,100,100,98,100,130,161,189,198,201,218,212,221,219,207,193,206,227,224,221,219,223,226,232
Iceland,Electricity,"Electricity, CHP and heat plants (PJ)",28,29,30,31,31,31,36,43,59,61,61,62,63,65,65,68,67,69,71,70,69,71,72,73,..
Iceland,Heat,Total energy supply (PJ),0,0,0,0,0,0,0,0,0,0,0,0,0,0,0,0,0,0,0,0,0,0,0,0,0
Iceland,Total,Total energy supply (PJ),134,130,134,134,133,135,168,198,230,239,227,243,237,247,246,234,221,233,256,252,247,246,253,253,259
Ireland,"Coal, peat and oil shale",Total energy supply (PJ),109,115,112,106,99,112,100,98,97,86,82,82,98,85,84,94,91,77,62,43,43,53,45,29,17
Ireland,"Crude, NGL and feedstocks",Total energy supply (PJ),141,145,137,138,126,142,135,145,136,120,124,126,131,120,117,144,137,136,130,115,122,130,128,119,84
Ireland,Oil products,Total energy supply (PJ),173,183,187,177,212,189,190,181,174,186,168,134,115,128,122,109,133,126,132,148,121,132,127,130,171
Ireland,Natural gas,Total energy supply (PJ),144,150,154,153,153,146,166,178,189,179,197,173,169,161,156,157,178,181,188,191,191,183,187,173,178
Ireland,Nuclear,Total energy supply (PJ),0,0,0,0,0,0,0,0,0,0,0,0,0,0,0,0,0,0,0,0,0,0,0,0,0
Ireland,Renewables and waste,Total energy supply (PJ),10,10,11,10,12,15,18,20,24,28,28,34,36,39,44,50,49,60,67,73,80,72,80,87,88
Ireland,Electricity,"Electricity, CHP and heat plants (PJ)",85,89,89,90,91,92,98,102,108,101,102,98,98,92,93,102,109,111,112,111,116,114,122,114,..
Ireland,Heat,Total energy supply (PJ),0,0,0,0,0,0,0,0,0,0,0,0,0,0,0,0,0,0,0,0,0,0,0,0,0
Ireland,Total,Total energy supply (PJ),578,601,603,588,606,612,614,628,623,603,601,551,551,543,532,556,585,577,578,573,556,575,567,549,557
Israel,"Coal, peat and oil shale",Total energy supply (PJ),271,294,324,327,332,310,331,336,326,299,310,320,360,295,280,277,230,208,200,199,189,158,161,132,111
Israel,"Crude, NGL and feedstocks",Total energy supply (PJ),486,477,467,484,451,472,504,474,537,532,536,531,501,620,626,624,596,606,620,640,534,564,592,630,613
Israel,Oil products,Total energy supply (PJ),-14,9,-27,-9,-44,-90,-86,-56,-66,-105,-93,-86,35,-224,-267,-243,-199,-221,-224,-263,-202,-215,-216,-231,-216
Israel,Natural gas,Total energy supply (PJ),0,0,0,0,40,55,78,93,128,143,184,171,88,207,228,252,287,305,323,322,406,422,437,448,478
Israel,Nuclear,Total energy supply (PJ),0,0,0,0,0,0,0,0,0,0,0,0,0,0,0,0,0,0,0,0,0,0,0,0,0
Israel,Renewables and waste,Total energy supply (PJ),25,27,28,29,31,31,31,32,46,45,49,48,16,17,20,23,26,27,27,37,43,48,52,60,74
Israel,Electricity,"Electricity, CHP and heat plants (PJ)",154,158,164,169,170,175,182,194,205,198,211,215,227,221,219,231,241,243,247,260,259,265,273,275,..
Israel,Heat,Total energy supply (PJ),0,0,0,0,0,0,0,0,0,0,0,0,0,0,0,0,0,0,0,0,0,0,0,0,0
Israel,Total,Total energy supply (PJ),763,801,787,826,805,772,851,872,958,901,971,969,983,898,870,915,919,905,926,913,947,954,1001,1014,1037
Italy,"Coal, peat and oil shale",Total energy supply (PJ),526,559,575,623,695,690,698,684,661,518,572,642,658,567,547,515,460,391,358,271,213,232,310,202,94
Italy,"Crude, NGL and feedstocks",Total energy supply (PJ),3942,3984,3986,4016,4093,4181,4099,4216,3917,3570,3706,3551,3318,2898,2694,3062,2940,3095,2902,2898,2388,2662,2762,2758,2591
Italy,Oil products,Total energy supply (PJ),-305,-389,-371,-443,-629,-821,-798,-1014,-885,-737,-972,-925,-993,-665,-535,-820,-782,-918,-770,-802,-576,-602,-729,-727,-695
Italy,Natural gas,Total energy supply (PJ),2426,2432,2416,2664,2764,2958,2897,2911,2911,2675,2849,2672,2569,2403,2123,2315,2432,2577,2492,2552,2440,2614,2349,2107,2119
Italy,Nuclear,Total energy supply (PJ),0,0,0,0,0,0,0,0,0,0,0,0,0,0,0,0,0,0,0,0,0,0,0,0,0
Italy,Renewables and waste,Total energy supply (PJ),434,445,468,560,570,619,674,744,857,914,959,928,1047,1152,1158,1148,1139,1143,1165,1181,1175,1207,1112,1152,1216
Italy,Electricity,"Electricity, CHP and heat plants (PJ)",972,979,999,1031,1065,1069,1108,1110,1129,1038,1076,1082,1070,1036,1001,1014,1037,1058,1037,1051,1003,1033,1015,947,..
Italy,Heat,Total energy supply (PJ),..,..,..,..,0,0,0,0,0,0,0,0,0,0,0,0,0,0,0,0,0,0,0,0,0
Italy,Total,Total energy supply (PJ),7182,7206,7257,7604,7657,7803,7732,7707,7605,7102,7274,7033,6755,6506,6145,6388,6321,6424,6304,6237,5756,6266,5959,5676,5507
Japan,"Coal, peat and oil shale",Total energy supply (PJ),4062,4141,4312,4441,4856,4625,4686,4890,4776,4256,4833,4518,4721,5128,4931,4985,4875,4876,4784,4687,4271,4650,4537,4159,4070
Japan,"Crude, NGL and feedstocks",Total energy supply (PJ),9127,8689,8708,8854,8733,8937,8632,8767,8417,7700,7698,7522,7580,7555,7168,7048,6941,6723,6343,6246,5062,5349,5713,5204,4886
Japan,Oil products,Total energy supply (PJ),1470,1492,1571,1488,1446,1150,1078,756,478,641,724,1082,1149,856,811,665,479,645,607,469,1133,958,599,712,809
Japan,Natural gas,Total energy supply (PJ),2748,2781,2784,2983,2952,2958,3242,3475,3465,3436,3601,4204,4356,4409,4427,4206,4310,4186,4010,3852,3858,3631,3467,3341,3260
Japan,Nuclear,Total energy supply (PJ),3513,3489,3219,2618,3081,3325,3310,2878,2816,3052,3144,1110,174,101,0,103,197,359,708,696,423,772,612,917,1020
Japan,Renewables and waste,Total energy supply (PJ),679,650,713,774,786,760,808,782,783,800,913,939,919,985,1025,1095,1133,1237,1298,1343,1360,1457,1468,1511,1557
Japan,Electricity,"Electricity, CHP and heat plants (PJ)",3798,3735,3806,3778,3883,3958,3974,4073,3967,3907,4190,3974,3930,3955,3861,3796,3832,3864,3814,3711,3629,3743,3631,3574,..
Japan,Heat,Total energy supply (PJ),0,0,0,0,0,0,0,0,0,0,0,0,0,0,0,0,0,0,0,0,0,0,0,0,0
Japan,Total,Total energy supply (PJ),21599,21241,21306,21159,21854,21754,21756,21548,20735,19884,20913,19376,18899,19035,18362,18102,17935,18027,17749,17293,16107,16818,16395,15844,15602
Korea,"Coal, peat and oil shale",Total energy supply (PJ),1626,1728,1809,1853,1956,2001,2055,2196,2453,2531,2863,3106,2979,3036,3119,3151,3165,3382,3428,3202,2866,2907,2856,2778,2623
Korea,"Crude, NGL and feedstocks",Total energy supply (PJ),5296,5060,4648,4563,4942,4974,5101,5111,5026,4815,5066,5360,5464,5312,5380,5903,6218,6407,6504,6084,5669,5732,5859,5847,5917
Korea,Oil products,Total energy supply (PJ),-1149,-1049,-566,-543,-908,-1102,-1307,-1156,-1274,-1022,-1083,-1437,-1393,-1269,-1346,-1604,-1621,-1840,-1884,-1712,-1427,-1061,-1589,-1624,-1611
Korea,Natural gas,Total energy supply (PJ),744,743,897,915,1049,1144,1207,1306,1273,1324,1571,1783,1867,1957,1786,1656,1715,1830,2076,2030,2032,2246,2227,2137,2320
Korea,Nuclear,Total energy supply (PJ),1189,1223,1299,1415,1426,1601,1623,1559,1647,1612,1621,1688,1640,1514,1706,1797,1767,1619,1456,1592,1747,1724,1921,1969,2059
Korea,Renewables and waste,Total energy supply (PJ),74,76,79,95,101,105,117,131,142,146,168,190,207,231,266,283,313,358,364,363,388,402,433,446,472
Korea,Electricity,"Electricity, CHP and heat plants (PJ)",1035,1110,1170,1239,1328,1388,1454,1456,1514,1560,1700,1881,1914,1923,1924,1966,2009,2051,2124,2095,2127,2242,2236,2185,..
Korea,Heat,Total energy supply (PJ),0,0,0,0,0,1,1,1,2,3,4,4,3,4,4,3,2,2,2,2,2,2,2,2,4
Korea,Total,Total energy supply (PJ),7779,7781,8166,8297,8566,8724,8797,9148,9269,9409,10208,10694,10767,10785,10914,11190,11560,11758,11947,11562,11277,11951,11708,11555,11784
Latvia,"Coal, peat and oil shale",Total energy supply (PJ),6,5,4,4,3,3,4,4,4,4,5,5,4,3,2,2,2,2,2,2,1,1,1,1,0
Latvia,"Crude, NGL and feedstocks",Total energy supply (PJ),4,1,1,0,0,0,1,1,1,0,0,0,0,0,0,0,0,0,0,0,0,0,0,0,..
Latvia,Oil products,Total energy supply (PJ),49,52,50,56,58,59,64,68,64,58,59,53,53,54,55,57,57,59,60,58,56,58,58,60,58
Latvia,Natural gas,Total energy supply (PJ),46,53,54,56,56,57,59,57,56,51,61,54,51,50,45,46,47,42,49,46,38,40,29,29,30
Latvia,Nuclear,Total energy supply (PJ),0,0,0,0,0,0,0,0,0,0,0,0,0,0,0,0,0,0,0,0,0,0,0,0,0
Latvia,Renewables and waste,Total energy supply (PJ),50,55,53,55,61,62,60,59,58,66,61,62,71,70,70,67,70,82,80,78,78,82,82,85,85
Latvia,Electricity,"Electricity, CHP and heat plants (PJ)",15,15,14,14,17,18,18,17,19,20,24,22,22,22,19,20,23,27,24,23,21,21,18,23,..
Latvia,Heat,Total energy supply (PJ),0,0,0,0,0,0,0,0,0,0,0,0,0,0,0,0,0,0,0,0,0,0,0,0,0
Latvia,Total,Total energy supply (PJ),160,172,171,181,186,190,196,201,192,184,189,178,185,182,182,178,178,184,194,188,179,187,178,177,177
Lithuania,"Coal, peat and oil shale",Total energy supply (PJ),4,3,6,7,7,8,11,10,9,7,9,10,10,11,9,8,8,8,9,8,6,8,8,5,4
Lithuania,"Crude, NGL and feedstocks",Total energy supply (PJ),210,294,284,307,373,398,356,249,409,373,397,405,388,410,343,379,419,428,419,409,339,347,358,395,385
Lithuania,Oil products,Total energy supply (PJ),-124,-187,-181,-210,-267,-286,-245,-138,-285,-267,-290,-302,-282,-306,-240,-274,-305,-312,-295,-288,-220,-228,-238,-268,-256
Lithuania,Natural gas,Total energy supply (PJ),86,90,91,99,98,104,103,121,109,91,104,114,111,91,86,87,77,80,74,78,83,79,54,52,63
Lithuania,Nuclear,Total energy supply (PJ),94,126,157,171,167,115,96,109,110,120,0,0,0,0,0,0,0,0,0,0,0,0,0,0,0
Lithuania,Renewables and waste,Total energy supply (PJ),28,31,32,33,35,37,39,40,43,44,45,44,49,51,54,60,63,67,67,67,71,80,75,81,93
Lithuania,Electricity,"Electricity, CHP and heat plants (PJ)",40,51,62,67,67,51,43,48,47,52,17,14,15,14,12,14,12,12,10,11,16,15,15,19,..
Lithuania,Heat,Total energy supply (PJ),5,5,7,7,7,7,7,9,8,9,9,10,10,9,11,10,9,12,11,11,8,9,4,3,6
Lithuania,Total,Total energy supply (PJ),299,347,372,388,394,371,366,396,399,367,295,306,309,292,292,295,302,316,320,319,315,326,291,293,315
Luxembourg,"Coal, peat and oil shale",Total energy supply (PJ),5,5,3,2,3,3,4,3,3,3,3,2,2,2,2,2,2,2,2,2,2,2,2,1,1
Luxembourg,"Crude, NGL and feedstocks",Total energy supply (PJ),0,0,0,0,0,0,0,0,0,0,0,0,0,0,0,0,0,0,0,0,0,0,0,0,0
Luxembourg,Oil products,Total energy supply (PJ),84,89,90,97,111,115,109,104,105,98,103,107,103,101,96,92,89,92,97,99,78,82,71,70,66
Luxembourg,Natural gas,Total energy supply (PJ),28,31,45,45,50,49,52,48,46,47,50,43,44,37,35,32,30,29,29,29,26,28,22,21,22
Luxembourg,Nuclear,Total energy supply (PJ),0,0,0,0,0,0,0,0,0,0,0,0,0,0,0,0,0,0,0,0,0,0,0,0,0
Luxembourg,Renewables and waste,Total energy supply (PJ),3,3,3,3,4,4,5,7,7,6,7,7,7,8,9,10,11,13,14,15,18,19,18,18,21
Luxembourg,Electricity,"Electricity, CHP and heat plants (PJ)",2,3,10,10,12,12,13,12,10,11,12,10,10,7,7,5,3,3,3,4,4,4,4,5,..
Luxembourg,Heat,Total energy supply (PJ),0,0,0,0,0,0,0,0,0,0,0,0,0,0,0,0,0,0,0,0,0,0,0,0,0
Luxembourg,Total,Total energy supply (PJ),140,148,153,162,180,184,182,176,176,166,177,175,172,167,160,156,155,158,163,166,143,151,133,128,129
Mexico,"Coal, peat and oil shale",Total energy supply (PJ),288,329,369,463,412,509,547,497,439,443,555,609,532,541,530,479,518,531,514,494,369,319,384,424,368
Mexico,"Crude, NGL and feedstocks",Total energy supply (PJ),3234,3474,3473,3690,3743,3851,3683,3591,3648,3663,3263,3280,3414,3458,3364,2907,2484,1999,1620,1628,1599,1795,2006,1991,2263
Mexico,Oil products,Total energy supply (PJ),556,469,339,302,346,473,520,636,724,507,740,864,934,731,738,936,1265,1664,1796,1924,1466,1538,1483,1446,1154
Mexico,Natural gas,Total energy supply (PJ),1486,1516,1686,1864,1933,1930,2158,2146,2169,2258,2271,2391,2483,2603,2534,2707,2771,2621,3028,2874,2945,3034,2968,3252,3884
Mexico,Nuclear,Total energy supply (PJ),90,95,106,115,100,118,119,114,107,115,64,110,96,129,106,126,115,119,148,122,122,130,118,135,134
Mexico,Renewables and waste,Total energy supply (PJ),708,667,643,658,691,738,718,734,672,598,635,626,618,630,668,648,653,703,679,694,739,764,807,726,738
Mexico,Electricity,"Electricity, CHP and heat plants (PJ)",740,770,786,850,855,903,928,955,970,964,992,1090,1106,1070,1085,1119,1152,1165,1268,1224,1193,1261,1313,1369,..
Mexico,Heat,Total energy supply (PJ),0,0,0,0,0,0,0,0,0,0,0,0,0,0,0,0,0,0,0,0,0,0,0,0,0
Mexico,Total,Total energy supply (PJ),6365,6551,6618,7089,7220,7614,7740,7714,7755,7581,7525,7877,8081,8091,7937,7802,7808,7638,7789,7738,7254,7577,7765,7969,8540
Netherlands,"Coal, peat and oil shale",Total energy supply (PJ),325,346,348,360,355,339,330,352,334,312,316,311,341,340,377,464,430,386,346,269,172,234,231,158,173
Netherlands,"Crude, NGL and feedstocks",Total energy supply (PJ),2637,2645,2451,2571,2655,2685,2623,2567,2546,2493,2604,2512,2499,2400,2440,2584,2620,2622,2650,2687,2448,2545,2546,2718,2416
Netherlands,Oil products,Total energy supply (PJ),-1490,-1470,-1243,-1266,-1356,-1394,-1319,-1259,-1313,-1295,-1354,-1321,-1300,-1253,-1334,-1476,-1473,-1454,-1518,-1610,-1390,-1474,-1526,-1665,-1404
Netherlands,Natural gas,Total energy supply (PJ),1466,1502,1499,1507,1539,1479,1434,1396,1451,1486,1678,1467,1402,1398,1218,1199,1258,1305,1287,1342,1317,1263,978,929,941
Netherlands,Nuclear,Total energy supply (PJ),43,43,43,44,42,44,38,46,45,46,43,45,43,32,45,44,43,37,38,43,45,42,45,43,39
Netherlands,Renewables and waste,Total energy supply (PJ),81,85,92,93,105,125,130,136,154,168,167,176,180,177,177,196,201,215,226,256,308,356,375,387,411
Netherlands,Electricity,"Electricity, CHP and heat plants (PJ)",323,337,346,349,364,360,356,379,387,409,429,410,372,366,372,397,415,422,412,437,444,440,438,437,..
Netherlands,Heat,Total energy supply (PJ),0,0,0,0,0,0,0,0,0,0,0,0,0,0,0,6,7,8,8,9,12,12,11,8,12
Netherlands,Total,Total energy supply (PJ),3131,3213,3248,3369,3399,3344,3313,3301,3274,3229,3464,3223,3226,3158,2976,3049,3103,3131,3067,2999,2903,2979,2646,2558,2573
New Zealand,"Coal, peat and oil shale",Total energy supply (PJ),52,57,48,77,90,92,83,72,88,65,56,60,69,62,57,57,48,48,49,54,49,61,41,36,49
New Zealand,"Crude, NGL and feedstocks",Total energy supply (PJ),227,223,235,229,222,218,220,210,222,219,229,237,253,240,233,249,238,237,224,249,165,172,51,8,6
New Zealand,Oil products,Total energy supply (PJ),12,10,6,28,38,38,39,52,40,43,30,18,18,26,43,35,38,46,65,49,104,113,220,264,256
New Zealand,Natural gas,Total energy supply (PJ),213,224,213,162,146,136,139,153,144,149,156,141,157,163,184,172,175,178,158,166,161,138,132,134,106
New Zealand,Nuclear,Total energy supply (PJ),0,0,0,0,0,0,0,0,0,0,0,0,0,0,0,0,0,0,0,0,0,0,0,0,0
New Zealand,Renewables and waste,Total energy supply (PJ),218,201,214,209,227,221,226,230,237,258,285,297,293,308,329,341,342,339,348,350,341,348,357,355,371
New Zealand,Electricity,"Electricity, CHP and heat plants (PJ)",142,143,147,147,154,155,157,158,158,157,162,161,161,158,158,161,159,161,161,163,160,161,161,161,..
New Zealand,Heat,Total energy supply (PJ),0,0,0,0,0,0,0,0,0,0,0,0,0,0,0,0,0,0,0,0,0,0,0,0,0
New Zealand,Total,Total energy supply (PJ),722,715,715,705,723,705,707,717,731,734,755,754,790,799,847,854,842,847,843,868,820,832,801,797,788
Norway,"Coal, peat and oil shale",Total energy supply (PJ),44,40,34,33,39,32,30,34,36,23,32,35,34,32,36,34,32,35,34,34,34,35,34,31,30
Norway,"Crude, NGL and feedstocks",Total energy supply (PJ),658,603,803,885,967,1041,1107,991,1017,1031,880,953,934,973,938,886,906,1076,1068,964,894,844,580,606,593
Norway,Oil products,Total energy supply (PJ),-281,-274,-457,-467,-466,-526,-566,-579,-522,-511,-383,-562,-504,-477,-527,-628,-531,-619,-662,-597,-518,-481,-284,-276,-264
Norway,Natural gas,Total energy supply (PJ),174,258,180,217,169,170,168,204,233,227,267,212,230,235,240,260,233,209,231,209,190,210,167,191,167
Norway,Nuclear,Total energy supply (PJ),0,0,0,0,0,0,0,0,0,0,0,0,0,0,0,0,0,0,0,0,0,0,0,0,0
Norway,Renewables and waste,Total energy supply (PJ),568,485,520,437,447,548,489,541,565,514,496,512,589,537,554,567,591,602,592,554,628,650,605,634,649
Norway,Electricity,"Electricity, CHP and heat plants (PJ)",513,436,469,384,396,494,436,490,508,471,443,454,528,480,507,515,533,534,526,482,555,566,523,551,..
Norway,Heat,Total energy supply (PJ),1,1,1,1,1,1,1,2,2,2,2,1,1,4,4,5,5,5,5,5,5,6,7,7,6
Norway,Total,Total energy supply (PJ),1095,1125,1045,1134,1198,1223,1233,1156,1280,1254,1321,1141,1220,1286,1188,1071,1177,1253,1232,1169,1159,1200,1063,1129,1114
Poland,"Coal, peat and oil shale",Total energy supply (PJ),2359,2335,2297,2353,2268,2288,2389,2329,2298,2155,2292,2287,2125,2221,2064,2024,2059,2069,2068,1842,1711,1901,1772,1445,1324
Poland,"Crude, NGL and feedstocks",Total energy supply (PJ),779,790,771,754,784,790,889,897,937,920,1000,1054,1075,1034,1032,1115,1104,1097,1171,1175,1098,1090,1185,1119,1183
Poland,Oil products,Total energy supply (PJ),23,35,58,79,108,112,80,95,90,86,63,17,-55,-104,-111,-139,-24,118,74,87,111,190,148,212,148
Poland,Natural gas,Total energy supply (PJ),417,434,423,471,497,512,527,523,526,505,536,537,573,575,561,577,613,647,675,679,716,763,630,660,711
Poland,Nuclear,Total energy supply (PJ),0,0,0,0,0,0,0,0,0,0,0,0,0,0,0,0,0,0,0,0,0,0,0,0,0
Poland,Renewables and waste,Total energy supply (PJ),163,175,178,179,186,194,208,212,243,276,321,351,378,378,382,397,398,408,548,566,574,573,584,604,679
Poland,Electricity,"Electricity, CHP and heat plants (PJ)",515,517,513,540,549,559,579,571,557,544,565,587,582,590,570,591,598,612,610,588,566,644,643,598,..
Poland,Heat,Total energy supply (PJ),0,0,0,0,1,1,1,1,1,0,1,1,1,1,1,1,0,1,0,1,0,1,0,1,1
Poland,Total,Total energy supply (PJ),3719,3744,3702,3800,3811,3858,4054,4037,4092,3935,4208,4228,4086,4089,3937,3974,4157,4348,4556,4389,4258,4521,4314,4054,4051
Portugal,"Coal, peat and oil shale",Total energy supply (PJ),159,134,146,137,141,140,139,121,106,120,69,92,123,111,112,136,119,135,113,52,24,8,0,0,0
Portugal,"Crude, NGL and feedstocks",Total energy supply (PJ),525,555,529,565,560,574,616,563,547,485,509,462,498,590,530,635,627,650,592,538,500,468,500,455,517
Portugal,Oil products,Total energy supply (PJ),95,82,133,47,55,61,-56,-3,-13,14,-27,-18,-105,-197,-142,-244,-241,-260,-220,-145,-147,-112,-128,-99,-171
Portugal,Natural gas,Total energy supply (PJ),85,94,114,110,138,157,152,159,173,177,188,187,165,157,145,170,181,227,210,221,217,207,201,159,132
Portugal,Nuclear,Total energy supply (PJ),0,0,0,0,0,0,0,0,0,0,0,0,0,0,0,0,0,0,0,0,0,0,0,0,0
Portugal,Renewables and waste,Total energy supply (PJ),161,172,153,182,163,151,182,193,187,206,235,223,189,229,238,214,244,210,236,233,244,255,245,268,297
Portugal,Electricity,"Electricity, CHP and heat plants (PJ)",156,166,164,167,161,166,175,169,164,178,193,187,164,182,187,185,213,208,210,186,186,178,167,166,..
Portugal,Heat,Total energy supply (PJ),0,0,0,0,0,0,0,0,0,0,0,0,0,0,0,0,0,0,0,0,0,0,0,0,0
Portugal,Total,Total energy supply (PJ),1030,1038,1081,1051,1081,1108,1053,1060,1033,1020,984,957,898,900,886,920,913,953,922,911,844,843,852,821,813
Slovak Republic,"Coal, peat and oil shale",Total energy supply (PJ),179,185,179,192,189,177,187,168,168,162,163,155,146,144,143,137,135,141,140,114,97,118,101,101,79
Slovak Republic,"Crude, NGL and feedstocks",Total energy supply (PJ),226,242,247,246,249,238,242,258,253,247,238,260,234,252,229,259,250,243,236,221,242,240,234,228,208
Slovak Republic,Oil products,Total energy supply (PJ),-108,-117,-103,-112,-114,-93,-101,-109,-98,-104,-86,-112,-96,-116,-103,-122,-105,-82,-72,-67,-86,-76,-68,-65,-45
Slovak Republic,Natural gas,Total energy supply (PJ),242,258,246,237,230,246,225,213,216,185,210,194,183,191,158,162,163,173,171,171,171,191,159,151,156
Slovak Republic,Nuclear,Total energy supply (PJ),180,189,198,197,188,196,199,169,184,156,161,170,171,174,171,167,163,167,164,169,170,174,176,202,200
Slovak Republic,Renewables and waste,Total energy supply (PJ),34,34,33,28,32,36,37,42,42,50,87,84,90,94,82,99,102,102,95,99,98,105,96,90,95
Slovak Republic,Electricity,"Electricity, CHP and heat plants (PJ)",111,115,116,112,110,113,113,100,104,93,99,102,102,103,98,96,97,99,96,102,103,107,96,106,..
Slovak Republic,Heat,Total energy supply (PJ),0,0,0,0,0,0,0,0,0,0,0,0,0,0,0,0,0,0,0,0,0,0,0,0,0
Slovak Republic,Total,Total energy supply (PJ),743,779,784,780,768,788,780,747,767,701,777,755,729,739,684,711,718,755,746,714,693,754,703,694,683
Slovenia,"Coal, peat and oil shale",Total energy supply (PJ),55,60,66,62,64,64,66,67,64,60,61,61,58,57,44,45,48,48,47,45,43,39,31,30,33
Slovenia,"Crude, NGL and feedstocks",Total energy supply (PJ),7,0,0,0,0,0,0,0,0,0,0,0,0,0,0,0,0,0,0,0,0,0,0,0,0
Slovenia,Oil products,Total energy supply (PJ),92,103,100,101,105,106,110,107,125,107,108,107,104,98,97,95,100,101,101,98,84,92,99,92,96
Slovenia,Natural gas,Total energy supply (PJ),35,36,34,38,38,39,38,38,37,35,36,31,30,29,26,28,30,31,30,31,31,32,29,28,31
Slovenia,Nuclear,Total energy supply (PJ),52,57,60,57,60,64,61,62,68,63,62,68,60,58,69,62,62,69,63,64,69,62,61,61,64
Slovenia,Renewables and waste,Total energy supply (PJ),38,41,35,36,40,43,40,42,46,47,49,46,47,51,53,47,50,47,50,50,51,53,44,52,55
Slovenia,Electricity,"Electricity, CHP and heat plants (PJ)",49,52,53,50,55,54,54,54,59,59,59,57,56,57,62,53,58,58,58,57,61,56,48,56,..
Slovenia,Heat,Total energy supply (PJ),0,0,0,0,0,0,0,0,0,0,0,0,0,0,0,0,0,0,0,0,0,0,0,0,0
Slovenia,Total,Total energy supply (PJ),273,291,291,296,304,315,314,317,334,300,308,308,295,288,279,276,285,293,290,286,270,278,269,257,269
Spain,"Coal, peat and oil shale",Total energy supply (PJ),877,803,905,843,879,861,761,834,578,432,325,522,638,464,479,559,441,536,471,211,123,134,158,111,102
Spain,"Crude, NGL and feedstocks",Total energy supply (PJ),2462,2437,2438,2441,2533,2551,2584,2501,2551,2405,2386,2368,2578,2549,2566,2761,2723,2769,2859,2762,2373,2487,2659,2604,2727
Spain,Oil products,Total energy supply (PJ),117,233,244,309,275,277,225,323,151,103,30,-92,-489,-569,-625,-722,-624,-556,-643,-605,-527,-467,-544,-603,-636
Spain,Natural gas,Total energy supply (PJ),637,687,785,894,1054,1250,1323,1331,1462,1307,1303,1211,1196,1095,991,1027,1048,1142,1134,1294,1169,1232,1186,1056,1008
Spain,Nuclear,Total energy supply (PJ),679,695,687,675,694,628,656,601,643,576,676,630,671,619,625,624,640,633,608,637,636,617,639,620,595
Spain,Renewables and waste,Total energy supply (PJ),293,347,293,390,374,359,394,432,455,544,643,636,690,756,759,712,729,689,753,755,782,807,792,904,952
Spain,Electricity,"Electricity, CHP and heat plants (PJ)",795,839,864,926,996,1042,1064,1087,1120,1051,1074,1050,1058,1013,990,1000,977,983,979,976,936,976,1037,1007,..
Spain,Heat,Total energy supply (PJ),0,0,0,0,0,0,0,0,0,0,0,0,0,0,0,0,0,0,0,0,0,0,0,0,0
Spain,Total,Total energy supply (PJ),5081,5215,5370,5556,5798,5921,5931,6001,5801,5338,5334,5253,5243,4890,4782,4961,4985,5246,5222,5078,4568,4812,4820,4643,4711
Sweden,"Coal, peat and oil shale",Total energy supply (PJ),103,115,119,112,123,110,113,112,102,81,104,104,92,93,88,89,86,86,92,83,66,72,63,62,66
Sweden,"Crude, NGL and feedstocks",Total energy supply (PJ),852,813,789,837,874,835,833,750,872,818,827,789,870,700,771,783,792,786,849,658,704,797,768,742,767
Sweden,Oil products,Total energy supply (PJ),-284,-235,-119,-197,-252,-237,-268,-209,-306,-322,-244,-214,-342,-202,-284,-413,-366,-367,-392,-243,-354,-412,-397,-369,-361
Sweden,Natural gas,Total energy supply (PJ),32,37,37,37,37,35,37,38,35,46,61,49,42,40,33,30,34,39,42,39,52,42,26,30,32
Sweden,Nuclear,Total energy supply (PJ),625,787,743,735,845,790,731,731,697,569,631,660,699,725,708,615,688,717,748,721,537,578,567,529,550
Sweden,Renewables and waste,Total energy supply (PJ),637,617,573,546,577,641,626,654,674,684,739,717,809,753,760,843,816,874,830,883,933,993,982,989,962
Sweden,Electricity,"Electricity, CHP and heat plants (PJ)",523,582,528,487,546,570,516,536,540,492,534,541,599,551,553,583,561,591,588,606,590,618,623,598,..
Sweden,Heat,Total energy supply (PJ),15,15,16,13,14,12,12,12,12,11,11,11,12,9,10,10,10,9,9,9,10,10,9,11,11
Sweden,Total,Total energy supply (PJ),1997,2124,2177,2129,2211,2159,2103,2093,2078,1904,2137,2089,2111,2082,2029,1876,2019,2075,2116,2058,1857,1988,1898,1892,1907
Switzerland,"Coal, peat and oil shale",Total energy supply (PJ),6,6,6,6,5,6,6,7,7,6,6,6,5,5,6,5,5,5,4,4,4,4,4,3,3
Switzerland,"Crude, NGL and feedstocks",Total energy supply (PJ),201,212,211,199,226,211,239,206,221,210,196,192,149,213,214,124,130,125,133,120,124,102,133,124,113
Switzerland,Oil products,Total energy supply (PJ),260,299,270,270,245,269,252,232,244,272,237,226,269,236,179,266,236,246,218,244,214,226,188,188,192
Switzerland,Natural gas,Total energy supply (PJ),102,106,104,110,113,117,113,110,118,113,126,112,123,129,112,119,125,126,120,123,119,130,107,99,100
Switzerland,Nuclear,Total energy supply (PJ),290,294,298,301,295,256,305,306,303,303,289,293,279,285,302,253,232,224,280,290,264,213,265,267,263
Switzerland,Renewables and waste,Total energy supply (PJ),209,228,207,208,205,199,203,218,226,225,233,217,246,250,246,251,246,249,252,268,269,272,243,276,320
Switzerland,Electricity,"Electricity, CHP and heat plants (PJ)",238,256,236,235,230,208,224,239,241,240,238,226,245,247,252,238,220,217,239,254,247,227,222,252,..
Switzerland,Heat,Total energy supply (PJ),0,0,0,0,0,0,0,0,0,0,0,0,0,0,0,0,0,0,0,0,0,0,0,0,0
Switzerland,Total,Total energy supply (PJ),1043,1107,1079,1083,1087,1080,1128,1072,1114,1122,1089,1054,1063,1109,1039,1015,989,994,1000,1026,973,955,952,935,939
Türkiye,"Coal, peat and oil shale",Total energy supply (PJ),956,790,820,924,931,937,1108,1243,1229,1271,1307,1368,1449,1268,1400,1445,1605,1678,1710,1754,1674,1721,1749,1671,1741
Türkiye,"Crude, NGL and feedstocks",Total energy supply (PJ),999,1063,1089,1101,1080,1072,1102,1067,987,688,873,918,938,918,867,1163,1184,1224,1043,1493,1390,1466,1574,1507,1489
Türkiye,Oil products,Total energy supply (PJ),274,121,149,105,136,131,170,219,251,531,446,410,465,484,507,457,579,633,713,303,354,353,276,430,506
Türkiye,Natural gas,Total energy supply (PJ),529,560,617,742,783,954,1087,1274,1264,1211,1314,1540,1560,1572,1683,1649,1602,1852,1717,1551,1663,2056,1760,1734,1836
Türkiye,Nuclear,Total energy supply (PJ),0,0,0,0,0,0,0,0,0,0,0,0,0,0,0,0,0,0,0,0,0,0,0,0,0
Türkiye,Renewables and waste,Total energy supply (PJ),424,393,421,420,452,426,435,404,391,417,489,472,511,553,511,665,736,762,857,1035,1073,1086,1185,1250,1323
Türkiye,Electricity,"Electricity, CHP and heat plants (PJ)",450,442,466,506,543,583,635,690,714,701,760,826,862,865,907,942,988,1070,1097,1094,1104,1205,1182,1192,..
Türkiye,Heat,Total energy supply (PJ),0,0,0,0,0,0,0,0,0,0,0,0,0,0,0,0,0,0,0,0,0,0,0,0,0
Türkiye,Total,Total energy supply (PJ),3194,2942,3108,3294,3379,3517,3897,4200,4121,4114,4426,4711,4933,4817,4986,5393,5724,6147,6037,6134,6151,6675,6552,6607,6892
United Kingdom,"Coal, peat and oil shale",Total energy supply (PJ),1530,1622,1565,1682,1555,1587,1727,1628,1521,1249,1297,1286,1631,1560,1262,1001,510,415,348,247,225,230,211,182,97
United Kingdom,"Crude, NGL and feedstocks",Total energy supply (PJ),3873,3608,3746,3771,4065,3880,3721,3638,3631,3383,3293,3337,3195,2884,2710,2710,2658,2681,2565,2553,2124,2096,2339,2201,2192
United Kingdom,Oil products,Total energy supply (PJ),-807,-628,-794,-770,-1069,-827,-717,-777,-842,-742,-628,-808,-701,-494,-269,-189,-94,-100,-26,-85,-41,86,-147,-37,-45
United Kingdom,Natural gas,Total energy supply (PJ),3659,3628,3595,3596,3674,3579,3394,3432,3555,3270,3551,2945,2779,2754,2510,2591,2848,2811,2831,2750,2629,2756,2519,2253,2207
United Kingdom,Nuclear,Total energy supply (PJ),928,983,958,967,873,890,823,688,573,754,678,753,768,770,695,767,782,767,710,613,548,503,517,443,443
United Kingdom,Renewables and waste,Total energy supply (PJ),103,121,137,146,163,191,199,214,245,274,301,341,364,428,507,606,639,716,808,864,927,908,960,973,988
United Kingdom,Electricity,"Electricity, CHP and heat plants (PJ)",1348,1377,1385,1424,1409,1424,1416,1415,1385,1343,1367,1314,1300,1279,1205,1207,1203,1204,1188,1158,1112,1104,1165,1050,..
United Kingdom,Heat,Total energy supply (PJ),0,0,0,0,0,0,0,0,0,0,0,0,0,0,0,0,0,0,0,0,0,0,0,0,0
United Kingdom,Total,Total energy supply (PJ),9336,9370,9238,9400,9287,9330,9174,8841,8721,8198,8501,7876,8079,7955,7489,7562,7408,7344,7305,7019,6476,6667,6381,6101,6003
United States,"Coal, peat and oil shale",Total energy supply (PJ),22317,21979,22294,22236,23089,23332,23009,23180,22804,20274,20997,20012,17738,18095,18072,15660,14301,13848,13426,11510,9280,10635,10016,8448,8006
United States,"Crude, NGL and feedstocks",Total energy supply (PJ),37139,37523,37003,37781,38598,38167,38432,38154,37304,36046,36696,36715,36681,36733,38121,39085,39447,40577,41485,41098,36261,38352,39834,40223,41868
United States,Oil products,Total energy supply (PJ),-666,-441,-251,-99,151,735,-163,-317,-1796,-2509,-2929,-4015,-4364,-4344,-5754,-6029,-6609,-7490,-7919,-7804,-6860,-6384,-8113,-8334,-9306
United States,Natural gas,Total energy supply (PJ),22933,21540,22384,21728,21341,21236,21024,22728,22653,22421,23282,23813,24908,25395,26276,27068,27335,26960,29055,31079,30105,30275,32292,32043,32561
United States,Nuclear,Total energy supply (PJ),8702,8647,8777,8594,8873,8844,8904,9127,9140,9057,9152,8961,8740,8967,9061,9058,9163,9151,9178,9200,8980,8853,8767,8815,8897
United States,Renewables and waste,Total energy supply (PJ),4613,4025,4128,4372,4492,4639,4851,4835,5072,5181,5486,5898,5891,6291,6471,6400,6615,6877,7299,7424,7323,7752,8118,8471,8482
United States,Electricity,"Electricity, CHP and heat plants (PJ)",14493,13820,14495,14597,14933,15368,15390,15566,15635,14995,15676,15576,15375,15434,15553,15469,15479,15349,15962,15736,15260,15675,16102,15949,..
United States,Heat,Total energy supply (PJ),0,0,0,0,0,0,0,0,0,0,0,0,0,0,0,0,0,0,0,0,0,0,0,0,0
United States,Total,Total energy supply (PJ),95160,93352,94417,94635,96584,97044,96123,97818,95295,90593,92777,91519,89762,91345,92439,91482,90490,90126,92684,92646,85260,89625,91064,89734,90557
China,"Coal, peat and oil shale",Total energy supply (PJ),27831,29226,31689,37742,43809,50396,55992,61287,62882,67959,74961,81267,83161,84808,85500,83703,80669,81947,84320,86582,88800,94583,96663,102535,104266
China,"Crude, NGL and feedstocks",Total energy supply (PJ),8956,9021,9539,10548,12150,12601,13506,14254,14868,15970,17958,18412,19553,20385,21673,22866,24013,25117,26743,28485,29307,30288,29344,31872,..
China,Oil products,Total energy supply (PJ),289,440,610,762,1026,706,732,605,316,-202,-40,100,-119,-63,-473,-310,-652,-518,-1014,-1393,-1633,-1914,-863,-1068,..
China,Natural gas,Total energy supply (PJ),869,978,1032,1161,1367,1624,1983,2476,2861,3143,3742,4605,5169,5883,6435,6640,7150,8172,9573,10391,11101,12521,12450,13349,14383
China,Nuclear,Total energy supply (PJ),183,191,274,473,551,579,598,678,746,765,806,942,1062,1218,1446,1863,2327,2706,3211,3800,3996,4446,4558,4742,..
China,Renewables and waste,Total energy supply (PJ),9379,9245,9213,8954,8897,8885,9009,8770,8772,8754,9024,8893,9439,9800,10534,10946,11417,12158,12942,13531,14180,15280,16142,17017,..
China,Electricity,"Electricity, CHP and heat plants (PJ)",4881,5331,5955,6879,7933,9002,10317,11814,12482,13374,15110,16937,17945,19572,20895,21018,22209,24055,25596,26901,27835,30816,32043,34172,..
China,Heat,Total energy supply (PJ),0,0,0,0,0,0,0,0,0,0,0,0,0,0,0,0,0,0,0,0,0,0,0,0,..
China,Total,Total energy supply (PJ),47476,49070,52330,59614,67778,74769,81796,88033,90400,96348,106402,114175,118226,121990,125072,125663,124877,129535,135720,141335,145689,155152,158247,168387,..
India,"Coal, peat and oil shale",Total energy supply (PJ),6110,6239,6454,6587,7329,7713,8222,8944,9886,10558,11481,12273,13618,14274,15968,15865,15612,16471,17184,16968,16019,18264,19569,21336,21952
India,"Crude, NGL and feedstocks",Total energy supply (PJ),4730,4917,5114,5487,5764,5831,6418,6861,7314,8464,8806,9169,9756,9869,9905,10404,10865,11127,11346,11356,9961,10642,11787,12323,..
India,Oil products,Total energy supply (PJ),-41,-210,-215,-417,-619,-605,-857,-983,-1065,-1796,-2021,-2252,-2303,-2496,-2199,-1744,-1746,-1825,-1600,-1394,-901,-1389,-963,-978,..
India,Natural gas,Total energy supply (PJ),966,972,1054,1083,1188,1332,1400,1493,1507,2079,2278,2302,2048,1860,1841,1889,2009,2136,2194,2275,2223,2326,2171,2438,2610
India,Nuclear,Total energy supply (PJ),184,212,212,194,186,189,205,185,163,203,287,352,359,373,394,408,414,418,413,507,469,514,500,523,..
India,Renewables and waste,Total energy supply (PJ),5539,5618,5637,5749,5908,6098,6295,6473,6528,6613,6839,7004,7135,7424,7613,7780,8146,8569,8941,9088,9356,9723,10389,10331,..
India,Electricity,"Electricity, CHP and heat plants (PJ)",2020,2087,2170,2305,2432,2550,2762,2942,3042,3274,3500,3813,4012,4257,4638,4888,5158,5436,5792,5928,5532,5891,6559,7152,..
India,Heat,Total energy supply (PJ),0,0,0,0,0,0,0,0,0,0,0,0,0,0,0,0,0,0,0,0,0,0,0,0,..
India,Total,Total energy supply (PJ),17492,17753,18260,18689,19761,20564,21694,22991,24354,26140,27690,28867,30629,31318,33524,34603,35296,36889,38464,38789,37128,40074,43441,45951,..
